{"out_csv": "results_47b0e84b-a4dc-4a23-be73-b81f4f5017d8.csv", "n_rows": 15, "visualized": 15, "items": [{"row_index": 0, "prediction": "Attack", "shap_img": "plots\\47b0e84b-a4dc-4a23-be73-b81f4f5017d8\\shap_row_0.png", "lime_img": "plots\\47b0e84b-a4dc-4a23-be73-b81f4f5017d8\\lime_row_0.png", "shap_err": null, "lime_err": null}, {"row_index": 1, "prediction": "Attack", "shap_img": "plots\\47b0e84b-a4dc-4a23-be73-b81f4f5017d8\\shap_row_1.png", "lime_img": "plots\\47b0e84b-a4dc-4a23-be73-b81f4f5017d8\\lime_row_1.png", "shap_err": null, "lime_err": null}, {"row_index": 2, "prediction": "Normal", "shap_img": "plots\\47b0e84b-a4dc-4a23-be73-b81f4f5017d8\\shap_row_2.png", "lime_img": "plots\\47b0e84b-a4dc-4a23-be73-b81f4f5017d8\\lime_row_2.png", "shap_err": null, "lime_err": null}, {"row_index": 3, "prediction": "Attack", "shap_img": "plots\\47b0e84b-a4dc-4a23-be73-b81f4f5017d8\\shap_row_3.png", "lime_img": "plots\\47b0e84b-a4dc-4a23-be73-b81f4f5017d8\\lime_row_3.png", "shap_err": null, "lime_err": null}, {"row_index": 4, "prediction": "Normal", "shap_img": "plots\\47b0e84b-a4dc-4a23-be73-b81f4f5017d8\\shap_row_4.png", "lime_img": "plots\\47b0e84b-a4dc-4a23-be73-b81f4f5017d8\\lime_row_4.png", "shap_err": null, "lime_err": null}, {"row_index": 5, "prediction": "Normal", "shap_img": "plots\\47b0e84b-a4dc-4a23-be73-b81f4f5017d8\\shap_row_5.png", "lime_img": "plots\\47b0e84b-a4dc-4a23-be73-b81f4f5017d8\\lime_row_5.png", "shap_err": null, "lime_err": null}, {"row_index": 6, "prediction": "Normal", "shap_img": "plots\\47b0e84b-a4dc-4a23-be73-b81f4f5017d8\\shap_row_6.png", "lime_img": "plots\\47b0e84b-a4dc-4a23-be73-b81f4f5017d8\\lime_row_6.png", "shap_err": null, "lime_err": null}, {"row_index": 7, "prediction": "Normal", "shap_img": "plots\\47b0e84b-a4dc-4a23-be73-b81f4f5017d8\\shap_row_7.png", "lime_img": "plots\\47b0e84b-a4dc-4a23-be73-b81f4f5017d8\\lime_row_7.png", "shap_err": null, "lime_err": null}, {"row_index": 8, "prediction": "Normal", "shap_img": "plots\\47b0e84b-a4dc-4a23-be73-b81f4f5017d8\\shap_row_8.png", "lime_img": "plots\\47b0e84b-a4dc-4a23-be73-b81f4f5017d8\\lime_row_8.png", "shap_err": null, "lime_err": null}, {"row_index": 9, "prediction": "Normal", "shap_img": "plots\\47b0e84b-a4dc-4a23-be73-b81f4f5017d8\\shap_row_9.png", "lime_img": "plots\\47b0e84b-a4dc-4a23-be73-b81f4f5017d8\\lime_row_9.png", "shap_err": null, "lime_err": null}, {"row_index": 10, "prediction": "Attack", "shap_img": "plots\\47b0e84b-a4dc-4a23-be73-b81f4f5017d8\\shap_row_10.png", "lime_img": "plots\\47b0e84b-a4dc-4a23-be73-b81f4f5017d8\\lime_row_10.png", "shap_err": null, "lime_err": null}, {"row_index": 11, "prediction": "Attack", "shap_img": "plots\\47b0e84b-a4dc-4a23-be73-b81f4f5017d8\\shap_row_11.png", "lime_img": "plots\\47b0e84b-a4dc-4a23-be73-b81f4f5017d8\\lime_row_11.png", "shap_err": null, "lime_err": null}, {"row_index": 12, "prediction": "Normal", "shap_img": "plots\\47b0e84b-a4dc-4a23-be73-b81f4f5017d8\\shap_row_12.png", "lime_img": "plots\\47b0e84b-a4dc-4a23-be73-b81f4f5017d8\\lime_row_12.png", "shap_err": null, "lime_err": null}, {"row_index": 13, "prediction": "Normal", "shap_img": "plots\\47b0e84b-a4dc-4a23-be73-b81f4f5017d8\\shap_row_13.png", "lime_img": "plots\\47b0e84b-a4dc-4a23-be73-b81f4f5017d8\\lime_row_13.png", "shap_err": null, "lime_err": null}, {"row_index": 14, "prediction": "Attack", "shap_img": "plots\\47b0e84b-a4dc-4a23-be73-b81f4f5017d8\\shap_row_14.png", "lime_img": "plots\\47b0e84b-a4dc-4a23-be73-b81f4f5017d8\\lime_row_14.png", "shap_err": null, "lime_err": null}]}